NOMBPROV,edu_leer,cedu_infra,cedu_equipo,cedu_ensenanza,cedu_material,cedu_partpadres,cant_edu,internet_si,internet_no,celinter_si,celinter_no,internet_total,celinter_total,tasa_internet,tasa_celinter,IDIOMA,PERS_NRO,ESTRATOSOCIO,leen_si,leen_no,leen_total,tasa_leer,agua_si,agua_no,elec_si,elec_no,agua_total,elec_total,tasa_agua,tasa_elec
ABANCAY,57.9166666666667,0.4625,0.625,0.845833333333333,0.95,0.8,48,104,146,169,81,250,250,2.336,1.296,10,3.4035885989011,52.8485576923077,176,29,205,3.43414634146341,217,0,209,8,217,217,0,0.147465437788018
ACOBAMBA,71.1850649350649,0.728896103896104,0.58495670995671,0.794642857142857,0.823051948051948,0.798160173160173,39,8,92,80,20,100,100,3.68,0.8,10,3.51006944444444,8.88888888888889,75,24,99,3.03030303030303,67,28,95,0,95,95,1.17894736842105,0
ACOMAYO,100,1,0.75,1,1,1,3,1,32,12,21,33,33,3.87878787878788,2.54545454545455,10,3.6,0,7,26,33,0.848484848484848,32,0,31,1,32,32,0,0.125
AIJA,80,1,0.9,1,0.9,0.8,10,,,,,,,,,,,,,,,,27,0,24,3,27,27,0,0.444444444444444
ALTO AMAZONAS,61.0149725239239,0.663078538398232,0.668129043448737,0.919458560762908,0.927081372733547,0.993506493506493,126,23,68,51,40,91,91,2.98901098901099,1.75824175824176,10,3.96904761904762,15.7142857142857,87,30,117,2.97435897435897,107,33,135,5,140,140,0.942857142857143,0.142857142857143
AMBO,75,0.816666666666667,0.733333333333333,0.933333333333333,0.9,0.916666666666667,31,3,22,12,13,25,25,3.52,2.08,10,3.80143540669856,0,23,7,30,3.06666666666667,78,8,82,4,86,86,0.372093023255814,0.186046511627907
ANDAHUAYLAS,65.9354747816286,0.940236686390533,0.813989856297549,0.922527472527473,0.919611158072697,0.899866159481544,94,65,179,128,116,244,244,2.9344262295082,1.9016393442623,10,3.64924002836716,20.0319130584785,161,23,184,3.5,312,6,308,10,318,318,0.0754716981132076,0.125786163522013
ANGARAES,72.5,0.975,0.825,0.925,0.95,0.95,24,10,76,20,66,86,86,3.53488372093023,3.06976744186047,10,4.15612076095947,22.5806451612903,72,47,119,2.42016806722689,94,11,96,9,105,105,0.419047619047619,0.342857142857143
ANTA,86.1111111111111,0.984848484848485,0.818181818181818,0.886363636363636,0.734848484848485,0.775252525252525,23,0,34,13,21,34,34,4,2.47058823529412,10,3.51923076923077,0,6,9,15,1.6,68,3,69,2,71,71,0.169014084507042,0.112676056338028
ANTABAMBA,83.3333333333333,0.555555555555556,0.833333333333333,0.888888888888889,1,0.888888888888889,8,,,,,,,,,,,,,,,,38,1,37,2,39,39,0.102564102564103,0.205128205128205
ANTONIO RAYMONDI,33.3333333333333,1,1,1,1,1,3,,,,,,,,,,,,,,,,7,0,5,2,7,7,0,1.14285714285714
AREQUIPA,89.0861538916721,0.907081239029633,0.697767910898086,0.907612244357335,0.816904247574736,0.830580097182572,277,262,306,400,168,568,568,2.15492957746479,1.1830985915493,10,3.89145890823171,30.4825289457295,394,131,525,3.00190476190476,858,82,928,12,940,940,0.348936170212766,0.051063829787234
ASCOPE,63.1757966344433,0.751521661296097,0.672574292875045,0.977443609022556,0.843537414965986,0.764411027568922,49,27,52,48,31,79,79,2.63291139240506,1.56962025316456,10,3.93792735042735,22.4358974358974,54,17,71,3.04225352112676,99,15,112,2,114,114,0.526315789473684,0.0701754385964912
ASUNCION,100,1,1,1,0,0,1,,,,,,,,,,,,,,,,8,0,8,0,8,8,0,0
ATALAYA,58.5500515995872,0.995098039215686,0.599948400412797,0.968627450980392,0.937409700722394,1,88,5,59,16,48,64,64,3.6875,3,10,4.11294352823588,0,79,19,98,3.22448979591837,64,2,56,10,66,66,0.121212121212121,0.606060606060606
AYABACA,84.8739495798319,0.854516806722689,0.924159663865546,0.942647058823529,0.992647058823529,0.860294117647059,61,3,45,18,30,48,48,3.75,2.5,10,3.74450549450549,0,27,25,52,2.07692307692308,65,24,83,6,89,89,1.07865168539326,0.269662921348315
AYMARAES,70.8333333333333,1,0.916666666666667,1,1,0.75,8,2,49,22,29,51,51,3.84313725490196,2.27450980392157,10,3.4752380952381,16.6666666666667,34,6,40,3.4,66,0,62,4,66,66,0,0.242424242424242
AZANGARO,92.3809523809524,0.971428571428571,0.614285714285714,0.971428571428571,1,0.728571428571429,18,2,74,25,51,76,76,3.89473684210526,2.68421052631579,10,3.59108669108669,8.33333333333333,15,36,51,1.17647058823529,54,21,71,4,75,75,1.12,0.213333333333333
BAGUA,86.3515406162465,0.790756302521008,0.844257703081233,0.957492997198879,0.955042016806723,0.851470588235294,119,27,119,85,61,146,146,3.26027397260274,1.67123287671233,10,3.86016110471807,15.7345607978519,83,48,131,2.53435114503817,150,32,147,35,182,182,0.703296703296703,0.769230769230769
BARRANCA,80.3787878787879,0.898787878787879,0.765757575757576,0.975,0.931818181818182,0.963636363636364,48,41,38,40,39,79,79,1.92405063291139,1.9746835443038,10,3.53475452196382,1.86046511627907,52,14,66,3.15151515151515,153,21,173,1,174,174,0.482758620689655,0.0229885057471264
BELLAVISTA,69.8888888888889,0.75,0.745,0.955,0.975,0.975,38,10,26,25,11,36,36,2.88888888888889,1.22222222222222,10,3.75,25,29,6,35,3.31428571428571,54,8,58,4,62,62,0.516129032258065,0.258064516129032
BOLIVAR,0,0,1,1,1,1,1,,,,,,,,,,,,,,,,14,0,14,0,14,14,0,0
BOLOGNESI,77.0833333333334,1,0.833333333333333,0.625,1,0.833333333333333,14,0,8,2,6,8,8,4,3,10,4.66666666666667,0,7,2,9,3.11111111111111,26,0,26,0,26,26,0,0
BONGARA,100,1,0.9375,0.8375,0.95,0.9375,21,4,37,21,20,41,41,3.60975609756098,1.95121951219512,10,3.53639846743295,0,27,16,43,2.51162790697674,52,1,51,2,53,53,0.0754716981132076,0.150943396226415
CAJABAMBA,79.2207792207792,0.863636363636364,0.954545454545455,0.954545454545455,0.792207792207792,0.818181818181818,18,11,71,27,55,82,82,3.46341463414634,2.68292682926829,10,4.182622139765,7.6530612244898,61,35,96,2.54166666666667,54,2,52,4,56,56,0.142857142857143,0.285714285714286
CAJAMARCA,87.8165266106443,0.723893557422969,0.729075630252101,0.910609243697479,0.918641456582633,0.98858543417367,122,113,110,163,60,223,223,1.97309417040359,1.0762331838565,10,3.98720538720539,38.2154882154882,146,80,226,2.58407079646018,297,35,327,5,332,332,0.421686746987952,0.0602409638554217
CAJATAMBO,100,1,0.611111111111111,0.944444444444444,1,0.944444444444444,8,,,,,,,,,,,,,,,,24,2,26,0,26,26,0.307692307692308,0
CALCA,92.6666666666667,0.926666666666667,0.733333333333333,0.933333333333333,0.733333333333333,0.933333333333333,17,1,7,3,5,8,8,3.5,2.5,10,3.71428571428571,0,5,2,7,2.85714285714286,57,1,56,2,58,58,0.0689655172413793,0.137931034482759
CALLAO,86.752739581687,0.916125335862178,0.883412180122706,0.927297033875981,0.857691543217859,0.854560481534166,322,996,480,932,544,1476,1476,1.30081300813008,1.47425474254743,10,3.89831758702797,61.8526321058839,1048,346,1394,3.00717360114778,954,25,973,6,979,979,0.102145045965271,0.024514811031665
CAMANA,89.1666666666667,0.741666666666667,0.65,0.758333333333333,0.825,0.508333333333333,26,5,31,11,25,36,36,3.44444444444444,2.77777777777778,10,3.76815476190476,0,33,8,41,3.21951219512195,34,23,57,0,57,57,1.6140350877193,0
CANAS,83.3333333333333,0.916666666666667,1,0.916666666666667,0.916666666666667,0.833333333333333,7,,,,,,,,,,,,,,,,36,0,33,3,36,36,0,0.333333333333333
CANCHIS,97.5,0.866666666666667,0.808333333333333,0.975,0.875,0.675,19,11,47,24,34,58,58,3.24137931034483,2.3448275862069,10,3.74649859943978,1.96078431372549,25,19,44,2.27272727272727,101,0,99,2,101,101,0,0.0792079207920792
CANDARAVE,100,0.666666666666667,0.666666666666667,1,0.5,0.666666666666667,4,0,32,29,3,32,32,4,0.375,10,3.65,0,8,7,15,2.13333333333333,40,0,39,1,40,40,0,0.1
CANGALLO,57.5,0.85,0.975,0.9,1,0.825,22,2,34,6,30,36,36,3.77777777777778,3.33333333333333,1,3.77717391304348,0,40,3,43,3.72093023255814,60,1,52,9,61,61,0.0655737704918033,0.59016393442623
CANTA,75,0.95,0.65,0.95,0.825,0.95,12,,,,,,,,,,,,,,,,38,8,46,0,46,46,0.695652173913044,0
CARABAYA,97.7777777777778,0.955555555555556,0.955555555555556,0.955555555555556,0.955555555555556,1,18,0,33,10,23,33,33,4,2.78787878787879,10,3.45634920634921,0,20,30,50,1.6,33,2,34,1,35,35,0.228571428571429,0.114285714285714
CARAVELI,92.8571428571429,0.696428571428571,0.642857142857143,0.553571428571429,0.65,0.553571428571429,24,11,67,42,36,78,78,3.43589743589744,1.84615384615385,10,3.76322537112011,0,26,28,54,1.92592592592593,39,29,67,1,68,68,1.70588235294118,0.0588235294117647
CARHUAZ,61.1111111111111,0.555555555555556,0.388888888888889,1,0.666666666666667,1,12,2,23,5,20,25,25,3.68,3.2,10,3.74358974358974,0,28,11,39,2.87179487179487,30,0,30,0,30,30,0,0
CARLOS FERMIN FITZCARRALD,86.1111111111111,0.944444444444444,0.944444444444444,0.944444444444444,0.861111111111111,0.972222222222222,27,,,,,,,,,,,,,,,,42,3,43,2,45,45,0.266666666666667,0.177777777777778
CASMA,35,0.933333333333333,0.966666666666667,0.916666666666667,0.966666666666667,0.95,31,20,40,42,18,60,60,2.66666666666667,1.2,10,3.64420485175202,5.66037735849057,48,12,60,3.2,55,9,59,5,64,64,0.5625,0.3125
CASTILLA,87.4285714285714,0.642857142857143,0.842857142857143,0.842857142857143,0.785714285714286,0.971428571428571,22,0,32,5,27,32,32,4,3.375,10,3.81666666666667,0,28,9,37,3.02702702702703,66,1,65,2,67,67,0.0597014925373134,0.119402985074627
CASTROVIRREYNA,83.3333333333333,0.733333333333333,0.833333333333333,0.933333333333333,0.843333333333333,0.85,15,4,12,9,7,16,16,3,1.75,10,3.85714285714286,0,11,3,14,3.14285714285714,61,1,62,0,62,62,0.0645161290322581,0
CAYLLOMA,97.6190476190476,0.815476190476191,0.758928571428571,0.970238095238095,0.889880952380952,0.764880952380952,48,6,45,36,15,51,51,3.52941176470588,1.17647058823529,10,4.1527027027027,0,34,13,47,2.8936170212766,88,13,98,3,101,101,0.514851485148515,0.118811881188119
CAÑETE,83.8933452168746,0.961155674390968,0.887147207367796,0.953282828282828,0.937522281639929,0.96797385620915,99,101,110,116,95,211,211,2.08530805687204,1.80094786729858,10,3.83931093157284,1.52431342907533,125,55,180,2.77777777777778,279,67,332,14,346,346,0.774566473988439,0.161849710982659
CELENDIN,96.3718820861678,0.948412698412698,1,0.904761904761905,0.964285714285714,1,33,15,31,36,10,46,46,2.69565217391304,0.869565217391304,10,4.13207547169811,26.4150943396226,47,6,53,3.54716981132076,82,12,87,7,94,94,0.51063829787234,0.297872340425532
CHACHAPOYAS,78.5271317829457,0.877630121816168,0.709080841638981,0.971428571428571,0.787153931339978,0.952380952380952,64,37,72,76,33,109,109,2.64220183486239,1.21100917431193,10,3.78296703296703,31.8681318681319,85,20,105,3.23809523809524,192,27,217,2,219,219,0.493150684931507,0.0365296803652968
CHANCHAMAYO,81.7833800186742,0.941830065359477,0.8531279178338,0.931746031746032,0.988235294117647,0.914565826330532,64,22,62,40,44,84,84,2.95238095238095,2.0952380952381,10,3.61820214669052,30,65,11,76,3.42105263157895,141,3,141,3,144,144,0.0833333333333333,0.0833333333333333
CHEPEN,84.1269841269841,0.571428571428571,0.488095238095238,0.896825396825397,0.916666666666667,0.420634920634921,30,17,23,17,23,40,40,2.3,2.3,10,3.66190476190476,17.8571428571429,18,11,29,2.48275862068966,54,3,57,0,57,57,0.210526315789474,0
CHICLAYO,83.6419848347497,0.854665334138025,0.773887029762326,0.969273030635845,0.862767258051484,0.925687811265262,303,178,268,262,184,446,446,2.40358744394619,1.65022421524664,10,3.68068813076464,32.541722090698,352,72,424,3.32075471698113,882,19,897,4,901,901,0.0843507214206437,0.0177580466148724
CHINCHA,86.7818532818533,0.8603003003003,0.853069498069498,0.961653796653797,0.981653796653797,0.949197769197769,113,79,122,116,85,201,201,2.42786069651741,1.69154228855721,10,3.90726920053413,22.765434192673,98,109,207,1.89371980676329,148,123,271,0,271,271,1.81549815498155,0
CHINCHEROS,60.6043956043956,0.691758241758242,0.765934065934066,0.978021978021978,0.895604395604396,0.887362637362637,38,4,81,48,37,85,85,3.81176470588235,1.74117647058824,10,3.9131550802139,9.41176470588235,63,24,87,2.89655172413793,100,10,108,2,110,110,0.363636363636364,0.0727272727272727
CHOTA,90.8333333333333,0.88,0.668333333333333,0.821666666666667,0.841666666666667,0.925,39,4,44,30,18,48,48,3.66666666666667,1.5,10,3.07407407407407,14.8148148148148,27,12,39,2.76923076923077,123,28,142,9,151,151,0.741721854304636,0.23841059602649
CHUCUITO,91.9047619047619,0.865079365079365,0.878968253968254,0.976190476190476,0.920634920634921,0.869444444444445,24,0,55,20,35,55,55,4,2.54545454545455,10,3.69295900178253,0,27,51,78,1.38461538461538,52,13,64,1,65,65,0.8,0.0615384615384615
CHUMBIVILCAS,70,0.633333333333333,0.5,0.883333333333333,0.9,0.866666666666667,19,3,16,5,14,19,19,3.36842105263158,2.94736842105263,10,3.44444444444444,0,13,7,20,2.6,64,11,67,8,75,75,0.586666666666667,0.426666666666667
CHUPACA,83.8095238095238,0.714285714285714,0.614285714285714,0.971428571428571,0.966666666666667,0.971428571428571,20,8,18,8,18,26,26,2.76923076923077,2.76923076923077,10,3.66161616161616,33.3333333333333,28,2,30,3.73333333333333,63,3,64,2,66,66,0.181818181818182,0.121212121212121
CHURCAMPA,69.9675324675325,0.641233766233766,0.462662337662338,0.834415584415585,0.847402597402597,0.602272727272727,27,2,31,15,18,33,33,3.75757575757576,2.18181818181818,10,4.32391304347826,32.6086956521739,32,21,53,2.41509433962264,67,2,68,1,69,69,0.115942028985507,0.0579710144927536
CONCEPCION,80.7936507936508,0.888888888888889,0.887301587301587,0.966666666666667,0.807936507936508,0.776190476190476,22,0,34,6,28,34,34,4,3.29411764705882,10,3.81439393939394,0,19,8,27,2.81481481481482,57,4,60,1,61,61,0.262295081967213,0.0655737704918033
CONDESUYOS,75,1,0.916666666666667,0.666666666666667,1,1,7,1,25,8,18,26,26,3.84615384615385,2.76923076923077,10,4.07575757575758,0,14,6,20,2.8,19,0,19,0,19,19,0,0
CONDORCANQUI,56.4456778702847,0.516825984171035,0.597039777983349,0.957446808510638,0.846993524514339,0.95004625346901,85,0,16,0,16,16,16,4,4,4,4.4,0,8,27,35,0.914285714285714,41,4,18,27,45,45,0.355555555555556,2.4
CONTRALMIRANTE VILLAR,69.5027195027195,0.944055944055944,0.974358974358974,0.974358974358974,1,0.981481481481481,42,8,57,38,27,65,65,3.50769230769231,1.66153846153846,10,3.84444444444444,12.2222222222222,46,16,62,2.96774193548387,13,90,92,11,103,103,3.49514563106796,0.427184466019417
CONTUMAZA,50,0.75,0.75,0.75,0.75,0.5,4,5,21,14,12,26,26,3.23076923076923,1.84615384615385,10,3.55555555555556,0,19,8,27,2.81481481481482,30,4,33,1,34,34,0.470588235294118,0.117647058823529
CORONEL PORTILLO,63.6271029652559,0.917451497692817,0.72794417678849,0.937871562303901,0.966363567193422,0.962263172119602,352,117,317,326,108,434,434,2.92165898617512,0.995391705069124,10,4.16629298518347,18.3151414634454,545,84,629,3.46581875993641,616,22,606,32,638,638,0.137931034482759,0.200626959247649
CORONGO,100,1,0,1,1,1,1,,,,,,,,,,,,,,,,7,1,7,1,8,8,0.5,0.5
COTABAMBAS,77.7777777777778,0.805555555555556,0.666666666666667,0.75,0.861111111111111,0.861111111111111,19,3,43,22,24,46,46,3.73913043478261,2.08695652173913,10,3.31746031746032,0,37,6,43,3.44186046511628,90,7,93,4,97,97,0.288659793814433,0.164948453608247
CUSCO,91.7399804496579,0.894154447702835,0.901251221896383,0.854180514825676,0.927272727272727,0.885265558813946,84,156,138,215,79,294,294,1.87755102040816,1.07482993197279,10,3.90126722057364,66.133379043701,164,68,232,2.82758620689655,286,22,308,0,308,308,0.285714285714286,0
CUTERVO,92.4155844155844,0.863246753246753,0.823636363636364,0.990909090909091,0.981818181818182,0.940909090909091,44,4,52,35,21,56,56,3.71428571428571,1.5,10,3.89666666666667,0,45,10,55,3.27272727272727,79,25,96,8,104,104,0.961538461538461,0.307692307692308
DANIEL ALCIDES CARRION,58.8095238095238,0.778571428571429,0.749206349206349,0.917857142857143,0.83968253968254,0.804761904761905,48,7,95,29,73,102,102,3.72549019607843,2.86274509803922,10,3.545,7,67,15,82,3.26829268292683,128,12,135,5,140,140,0.342857142857143,0.142857142857143
DATEM DEL MARAÑON,64.6515633280339,0.798887122416534,0.835055643879173,0.920906200317965,0.942368839427663,0.817368839427663,77,,,,,,,,,,,,,,,,25,2,12,15,27,27,0.296296296296296,2.22222222222222
DOS DE MAYO,71.4285714285714,1,0.928571428571429,0.958333333333333,1,0.928571428571429,15,2,14,5,11,16,16,3.5,2.75,10,4.03333333333333,50,14,3,17,3.29411764705882,37,6,43,0,43,43,0.558139534883721,0
EL COLLAO,95.4545454545454,0.718181818181818,0.809090909090909,0.763636363636364,0.9,0.863636363636364,16,7,57,25,39,64,64,3.5625,2.4375,10,3.35,7.5,15,25,40,1.5,50,2,48,4,52,52,0.153846153846154,0.307692307692308
EL DORADO,87.0535714285714,1,0.958333333333333,1,0.958333333333333,1,34,,,,,,,,,,,,,,,,63,0,58,5,63,63,0,0.317460317460317
ESPINAR,73.75,0.783333333333333,0.804166666666667,0.404166666666667,0.825,0.829166666666667,22,3,63,26,40,66,66,3.81818181818182,2.42424242424242,10,4.60733603786342,0,26,28,54,1.92592592592593,55,14,59,10,69,69,0.811594202898551,0.579710144927536
FERREÑAFE,84.4117647058824,0.970588235294118,0.88578431372549,0.833333333333333,0.855392156862745,0.928921568627451,32,16,51,21,46,67,67,3.04477611940299,2.74626865671642,10,4.69793956043956,16.6666666666667,81,5,86,3.76744186046512,87,5,90,2,92,92,0.217391304347826,0.0869565217391304
GENERAL SANCHEZ CERRO,93.1818181818182,0.881818181818182,0.931818181818182,1,0.95,0.763636363636364,21,8,66,53,21,74,74,3.56756756756757,1.13513513513514,10,4.00833333333333,0,32,16,48,2.66666666666667,132,4,127,9,136,136,0.117647058823529,0.264705882352941
GRAN CHIMU,100,0.666666666666667,0.666666666666667,0.666666666666667,0.5,0.666666666666667,6,2,24,4,22,26,26,3.69230769230769,3.38461538461538,10,3.83333333333333,0,18,7,25,2.88,15,11,25,1,26,26,1.69230769230769,0.153846153846154
GRAU,92.8571428571429,0.857142857142857,0.857142857142857,0.714285714285714,0.857142857142857,0.857142857142857,10,2,46,13,35,48,48,3.83333333333333,2.91666666666667,10,3.48015873015873,0,38,10,48,3.16666666666667,57,0,55,2,57,57,0,0.140350877192982
HUACAYBAMBA,85.4166666666667,1,1,0.916666666666667,1,1,14,2,14,4,12,16,16,3.5,3,10,3.41666666666667,0,8,4,12,2.66666666666667,27,1,28,0,28,28,0.142857142857143,0
HUALGAYOC,92,0.65,0.94,1,0.96,1,27,5,45,30,20,50,50,3.6,1.6,10,3.41463414634146,0,32,9,41,3.1219512195122,67,20,85,2,87,87,0.919540229885057,0.0919540229885057
HUALLAGA,56.8627450980392,0.906318082788671,0.906318082788671,0.943355119825708,0.962962962962963,0.962962962962963,27,1,18,5,14,19,19,3.78947368421053,2.94736842105263,10,3.25,0,12,2,14,3.42857142857143,43,0,41,2,43,43,0,0.186046511627907
HUAMALIES,88.2993197278912,0.971428571428571,0.971428571428571,1,0.964285714285714,0.907142857142857,29,1,16,5,12,17,17,3.76470588235294,2.82352941176471,10,4,0,28,3,31,3.61290322580645,84,5,81,8,89,89,0.224719101123596,0.359550561797753
HUAMANGA,72.3263244691816,0.838347763347763,0.853679653679654,0.926695526695527,0.931009070294784,0.669186765615337,134,136,295,257,174,431,431,2.73781902552204,1.61484918793503,10,3.76708470740729,27.0597681888005,291,114,405,2.87407407407407,385,19,394,10,404,404,0.188118811881188,0.099009900990099
HUANCA SANCOS,79.3650793650794,0.841269841269841,0.888888888888889,0.888888888888889,0.952380952380952,1,12,1,9,7,3,10,10,3.6,1.2,10,3.83333333333333,0,0,6,6,0,32,0,32,0,32,32,0,0
HUANCABAMBA,54.3333333333333,0.774444444444445,0.788888888888889,0.788888888888889,0.857777777777778,0.88,37,5,60,24,41,65,65,3.69230769230769,2.52307692307692,10,3.77791906236179,0,59,22,81,2.91358024691358,102,7,98,11,109,109,0.256880733944954,0.403669724770642
HUANCANE,72.3484848484848,0.875,0.708333333333333,0.875,0.977272727272727,0.602272727272727,18,3,21,16,8,24,24,3.5,1.33333333333333,10,3.30769230769231,46.1538461538462,9,4,13,2.76923076923077,37,7,38,6,44,44,0.636363636363636,0.545454545454545
HUANCAVELICA,89.2250589531516,0.515814401021024,0.631458299058245,0.834667942946312,0.828819989729937,0.922685372140211,92,109,310,262,157,419,419,2.95942720763723,1.49880668257757,10,3.94551183750336,30.0986682808717,321,87,408,3.14705882352941,275,23,282,16,298,298,0.308724832214765,0.214765100671141
HUANCAYO,79.8982441493217,0.938615609143626,0.882015474526251,0.872745158952056,0.89836776431604,0.923489437713576,116,151,178,202,127,329,329,2.16413373860182,1.54407294832827,10,3.72679434666936,20.9444127284555,225,45,270,3.33333333333333,502,57,554,6,559,560,0.407871198568873,0.0428571428571429
HUANTA,61.9251119251119,0.824074074074074,0.789173789173789,1,0.972222222222222,0.881766381766382,48,20,117,68,69,137,137,3.41605839416058,2.01459854014599,10,3.73847167325428,3.53260869565217,104,34,138,3.01449275362319,118,5,119,4,123,123,0.16260162601626,0.130081300813008
HUANUCO,75.4643134643135,0.816062588205445,0.800076193647622,0.842537462537463,0.944684601113173,0.867330447330447,155,136,224,192,168,360,360,2.48888888888889,1.86666666666667,10,3.68986026096773,24.4489107647434,231,124,355,2.60281690140845,318,63,374,7,381,381,0.661417322834646,0.073490813648294
HUARAL,89.5,0.915,0.85,0.951666666666667,0.945,0.863333333333333,61,45,90,60,75,135,135,2.66666666666667,2.22222222222222,10,3.75042444821732,6.85483870967742,93,38,131,2.83969465648855,187,24,205,6,211,211,0.454976303317536,0.113744075829384
HUARAZ,68.2183908045977,0.854310344827586,0.858620689655172,0.920977011494253,0.955747126436782,0.901724137931035,66,51,64,82,33,115,115,2.22608695652174,1.14782608695652,10,4.00757978723404,44.906914893617,95,32,127,2.99212598425197,221,12,230,3,233,233,0.206008583690987,0.0515021459227468
HUARI,79.1666666666667,0.791666666666667,0.75,0.883333333333333,1,0.833333333333333,19,7,51,25,33,58,58,3.51724137931035,2.27586206896552,10,3.45145785586962,0,39,18,57,2.73684210526316,58,2,60,1,60,61,0.133333333333333,0.0655737704918033
HUARMEY,77.7777777777778,1,1,1,0.933333333333333,1,10,14,15,15,14,29,29,2.06896551724138,1.93103448275862,10,3.37931034482759,27.5862068965517,21,8,29,2.89655172413793,33,0,33,0,33,33,0,0
HUAROCHIRI,89.1666666666667,0.825,0.841666666666667,0.975,0.925,0.791666666666667,29,9,56,13,52,65,65,3.44615384615385,3.2,10,3.45641025641026,0,49,6,55,3.56363636363636,87,9,96,0,96,96,0.375,0
HUAURA,87.0263995263995,0.769586894586895,0.773245273245273,0.965099715099715,0.916208791208791,0.932331557331557,88,91,104,82,113,195,195,2.13333333333333,2.31794871794872,10,3.7141091853408,14.3849206349206,112,32,144,3.11111111111111,240,33,271,2,273,273,0.483516483516484,0.0293040293040293
HUAYLAS,82.2222222222222,0.966666666666667,0.933333333333333,0.962962962962963,1,1,22,9,17,22,4,26,26,2.61538461538462,0.615384615384615,10,3.89473684210526,47.3684210526316,12,7,19,2.52631578947368,55,3,58,0,58,58,0.206896551724138,0
HUAYTARA,77.2222222222222,0.901851851851852,0.87962962962963,0.87037037037037,0.896296296296296,0.783333333333333,34,1,31,16,16,32,32,3.875,2,10,4.15648148148148,0,39,8,47,3.31914893617021,65,14,69,10,79,79,0.708860759493671,0.506329113924051
ICA,93.4247941600883,0.91768525592055,0.943275188863424,0.997222222222222,0.966700619641796,0.874395212630507,213,151,150,234,67,301,301,1.99335548172757,0.890365448504983,10,3.82078668457979,21.9148960873099,98,165,263,1.49049429657795,570,175,736,10,745,746,0.939597315436242,0.0536193029490617
ILO,82.1468926553672,0.754802259887006,0.654237288135593,0.87683615819209,0.943502824858757,0.815819209039548,69,172,150,275,47,322,322,1.86335403726708,0.583850931677019,10,3.68190700979646,48.4087102177555,176,64,240,2.93333333333333,293,36,327,2,329,329,0.437689969604863,0.0243161094224924
ISLAY,87.5,0.875,0.666666666666667,0.875,0.833333333333333,0.5,13,9,25,29,5,34,34,2.94117647058824,0.588235294117647,10,3.66754385964912,25,28,5,33,3.39393939393939,53,0,53,0,53,53,0,0
JAEN,85.4395604395604,0.734432234432235,0.728937728937729,0.936813186813187,0.912087912087912,0.983516483516483,42,24,81,55,50,105,105,3.08571428571429,1.9047619047619,10,3.58414634146341,16.4634146341463,71,21,92,3.08695652173913,167,5,159,13,172,172,0.116279069767442,0.302325581395349
JAUJA,67.5,0.886111111111111,0.777777777777778,0.902777777777778,0.972222222222222,0.872222222222222,33,9,57,34,32,66,66,3.45454545454545,1.93939393939394,10,3.65396825396825,20,43,12,55,3.12727272727273,154,3,148,9,157,157,0.0764331210191083,0.229299363057325
JORGE BASADRE,87.5,0.85,0.647222222222222,0.888888888888889,0.825,0.688888888888889,16,5,3,6,2,8,8,1.5,1,10,4,0,3,3,6,2,48,1,48,1,49,49,0.0816326530612245,0.0816326530612245
JULCAN,72.5,0.429166666666667,0.691666666666667,0.929166666666667,0.929166666666667,0.8375,25,0,16,6,10,16,16,4,2.5,10,2.86666666666667,0,15,0,15,4,24,14,32,6,38,38,1.47368421052632,0.631578947368421
JUNIN,55.5555555555556,0.833333333333333,0.833333333333333,0.833333333333333,0.833333333333333,0.888888888888889,8,0,10,2,8,10,10,4,3.2,10,3.71428571428571,0,6,1,7,3.42857142857143,37,1,38,0,38,38,0.105263157894737,0
LA CONVENCION,60.4201680672269,0.820028011204482,0.859383753501401,0.915266106442577,0.876190476190476,0.743977591036415,43,13,71,42,42,84,84,3.38095238095238,2,10,3.46828678567809,0,40,20,60,2.66666666666667,143,0,140,3,143,143,0,0.0839160839160839
LA MAR,70.9663352520495,0.937423687423687,0.931972789115646,0.877899877899878,0.984126984126984,0.866213151927438,44,2,73,17,58,75,75,3.89333333333333,3.09333333333333,10,3.52846108140226,0,51,22,73,2.79452054794521,123,4,119,8,127,127,0.125984251968504,0.251968503937008
LA UNION,100,0.55,0.1,0.8,0.55,0.1,7,,,,,,,,,,,,,,,,25,2,27,0,27,27,0.296296296296296,0
LAMAS,83.3333333333333,0.768707482993197,0.731292517006803,0.979591836734694,1,0.979591836734694,43,6,51,26,31,57,57,3.57894736842105,2.17543859649123,10,3.8633541295306,8.82352941176471,49,17,66,2.96969696969697,92,3,82,13,95,95,0.126315789473684,0.547368421052632
LAMBAYEQUE,69.0962496109555,0.815190891171283,0.777777777777778,0.991181657848325,0.85626102292769,0.997354497354497,124,29,104,46,87,133,133,3.12781954887218,2.61654135338346,10,4.09154183909386,4.51127819548872,131,26,157,3.3375796178344,251,66,311,6,317,317,0.832807570977918,0.0757097791798107
LAMPA,83.3333333333333,0.933333333333333,0.683333333333333,0.833333333333333,0.75,0.95,14,1,33,6,28,34,34,3.88235294117647,3.29411764705882,10,3.52488687782805,30.7692307692308,5,25,30,0.666666666666667,20,1,21,0,21,21,0.19047619047619,0
LAURICOCHA,87.5,0.875,1,0.875,1,0.875,12,0,27,1,26,27,27,4,3.85185185185185,10,3.70967741935484,0,11,20,31,1.41935483870968,13,0,12,1,13,13,0,0.307692307692308
LEONCIO PRADO,72.3651960784314,0.806004901960784,0.927022058823529,0.886335784313726,0.913480392156863,0.854166666666667,63,42,142,77,107,184,184,3.08695652173913,2.32608695652174,10,3.66811002763009,19.8835125448029,138,75,213,2.59154929577465,168,8,168,8,176,176,0.181818181818182,0.181818181818182
LIMA,85.7305245939202,0.838286697158984,0.807668407919399,0.89819103298777,0.866143428879689,0.902185554828799,749,1617,756,1676,697,2373,2373,1.27433628318584,1.17488411293721,10,3.73408353982116,56.0784106144516,1441,506,1947,2.96045197740113,2800,96,2890,6,2896,2896,0.132596685082873,0.00828729281767956
LORETO,32.9301075268817,0.862903225806452,0.791666666666667,0.967741935483871,0.916666666666667,0.936827956989247,47,1,54,23,32,55,55,3.92727272727273,2.32727272727273,10,3.73263888888889,0,42,43,85,1.97647058823529,20,1,17,4,21,21,0.19047619047619,0.761904761904762
LUCANAS,67.1428571428571,0.823809523809524,0.761904761904762,1,0.876190476190476,0.471428571428571,18,15,109,49,75,124,124,3.51612903225806,2.41935483870968,10,3.65095525389643,2.30769230769231,97,17,114,3.40350877192982,77,9,81,5,86,86,0.418604651162791,0.232558139534884
LUYA,84.0659340659341,0.904945054945055,0.851098901098901,0.965384615384615,0.954166666666667,0.954395604395604,68,0,51,19,32,51,51,4,2.50980392156863,10,3.96924315619968,0,16,26,42,1.52380952380952,185,17,198,4,202,202,0.336633663366337,0.0792079207920792
MANU,80.9722222222222,0.676388888888889,0.6125,0.940972222222222,0.676388888888889,0.73125,33,11,113,56,68,124,124,3.64516129032258,2.19354838709677,10,3.60755640023933,0,98,38,136,2.88235294117647,32,16,46,2,48,48,1.33333333333333,0.166666666666667
MARAÑON,75.7575757575758,0.983333333333333,0.983333333333333,0.983333333333333,0.9,0.945454545454546,36,4,16,6,14,20,20,3.2,2.8,10,4.59090909090909,0,10,12,22,1.81818181818182,48,0,48,2,48,50,0,0.16
MARISCAL CACERES,63.1818181818182,0.564393939393939,0.684090909090909,0.943939393939394,0.921212121212121,0.949242424242424,40,17,50,40,27,67,67,2.98507462686567,1.61194029850746,10,4.04273504273504,23.9316239316239,65,16,81,3.20987654320988,61,5,63,3,66,66,0.303030303030303,0.181818181818182
MARISCAL LUZURIAGA,72.2222222222222,0.680555555555556,0.791666666666667,0.958333333333333,0.916666666666667,1,19,,,,,,,,,,,,,,,,32,2,32,2,34,34,0.235294117647059,0.235294117647059
MARISCAL NIETO,79.2385057471264,0.988505747126437,0.935279519331243,0.770289097875305,0.872779519331244,0.617446011842564,83,152,256,345,63,408,408,2.50980392156863,0.617647058823529,10,3.49628739316239,18.795405982906,220,74,294,2.99319727891157,460,8,456,12,468,468,0.0683760683760684,0.102564102564103
MARISCAL RAMON CASTILLA,66.1764705882353,0.718504901960784,0.776838235294118,0.8625,0.9,0.8875,60,0,24,3,21,24,24,4,3.5,9,4.01022727272727,0,10,41,51,0.784313725490196,14,4,15,3,18,18,0.888888888888889,0.666666666666667
MAYNAS,64.8057927386553,0.894384670134255,0.862978000918818,0.942722647313804,0.947206927753384,0.953066680566994,338,26,310,256,80,336,336,3.69047619047619,0.952380952380952,10,4.10398947572612,27.8077514174582,243,218,461,2.10845986984816,497,42,521,18,539,539,0.311688311688312,0.133580705009276
MELGAR,90,0.595833333333333,0.5375,0.854166666666667,0.916666666666667,0.8375,16,3,45,24,24,48,48,3.75,2,10,3.48768939393939,0,17,33,50,1.36,53,1,40,14,54,54,0.0740740740740741,1.03703703703704
MOHO,87.5,0.875,0.875,0.875,0.875,0.75,5,,,,,,,,,,,,,,,,30,0,27,3,30,30,0,0.4
MORROPON,78.4970238095238,0.8125,0.8046875,0.984375,0.9921875,0.901413690476191,46,8,74,40,42,82,82,3.60975609756098,2.04878048780488,10,4.13022094005066,8.82352941176471,79,12,91,3.47252747252747,112,30,140,2,142,142,0.845070422535211,0.0563380281690141
MOYOBAMBA,81.867201426025,0.832575757575757,0.72277183600713,0.883155080213904,0.952762923351159,0.797281639928699,83,22,58,50,30,80,80,2.9,1.5,10,3.50984042553192,15.4255319148936,58,12,70,3.31428571428571,192,23,204,11,215,215,0.427906976744186,0.204651162790698
NASCA,86.8641774891775,0.96875,0.901785714285714,0.933035714285714,1,0.953125,46,22,38,44,16,60,60,2.53333333333333,1.06666666666667,10,3.54613442113442,27.9040404040404,21,27,48,1.75,98,15,112,1,113,113,0.530973451327434,0.0353982300884956
OCROS,41.6666666666667,0.833333333333333,0.916666666666667,1,1,1,9,,,,,,,,,,,,,,,,19,0,18,1,19,19,0,0.210526315789474
OTUZCO,59.6428571428572,0.934523809523809,0.901190476190476,0.982142857142857,0.964285714285714,0.847619047619048,45,0,24,4,20,24,24,4,3.33333333333333,10,3.40277777777778,0,24,1,25,3.84,70,10,80,0,80,80,0.5,0
OXAPAMPA,80.025347745936,0.795319046421988,0.714029393808806,0.892882131485073,0.898528214704685,0.941047038473509,136,35,159,67,127,194,194,3.27835051546392,2.61855670103093,10,3.66626743361437,13.7656607044362,129,39,168,3.07142857142857,143,1,134,10,144,144,0.0277777777777778,0.277777777777778
OYON,90.4761904761905,0.976190476190476,0.976190476190476,0.976190476190476,0.976190476190476,0.976190476190476,17,0,8,0,8,8,8,4,4,10,3.4,0,8,2,10,3.2,27,0,27,0,27,27,0,0
PACASMAYO,80.5555555555556,0.680555555555556,0.561111111111111,0.972222222222222,0.944444444444444,0.838888888888889,21,27,41,37,31,68,68,2.41176470588235,1.82352941176471,10,3.59444444444444,26.6666666666667,27,22,49,2.20408163265306,45,51,96,0,96,96,2.125,0
PACHITEA,61.6666666666667,0.872348484848485,0.767424242424243,0.954545454545455,0.959848484848485,0.859848484848485,52,3,27,14,16,30,30,3.6,2.13333333333333,10,3.29647435897436,0,16,21,37,1.72972972972973,39,11,46,4,50,50,0.88,0.32
PADRE ABAD,59.2920035938904,0.873418688230009,0.693027852650494,0.945619946091644,0.902560646900269,0.956132075471698,111,2,72,42,32,74,74,3.89189189189189,1.72972972972973,10,4.1990231990232,0,86,3,89,3.86516853932584,140,20,154,6,160,160,0.5,0.15
PAITA,95.3125,0.703125,0.848958333333333,0.619791666666667,0.961805555555556,0.734375,60,20,61,61,20,81,81,3.01234567901235,0.987654320987654,10,4.04543562970529,8.98876404494382,81,28,109,2.97247706422018,46,43,89,0,89,89,1.93258426966292,0
PALLASCA,83.3333333333333,1,0.75,1,1,1,11,1,22,14,9,23,23,3.82608695652174,1.56521739130435,10,4.52777777777778,0,20,2,22,3.63636363636364,41,0,41,0,41,41,0,0
PALPA,91.6666666666667,1,1,1,0.916666666666667,0.833333333333333,11,1,15,12,4,16,16,3.75,1,10,3.17647058823529,0,3,14,17,0.705882352941177,8,24,32,0,32,32,3,0
PARINACOCHAS,61.9047619047619,0.896825396825397,0.841269841269841,0.952380952380952,0.952380952380952,0.619047619047619,14,2,24,13,13,26,26,3.69230769230769,2,10,3.42857142857143,0,12,3,15,3.2,37,5,35,7,42,42,0.476190476190476,0.666666666666667
PARURO,88.75,0.7625,0.9,0.95,0.9,0.95,12,,,,,,,,,,,,,,,,63,0,61,2,63,63,0,0.126984126984127
PASCO,76.4942464942465,0.862204462204462,0.826432826432827,0.923093573093573,0.849814999815,0.906619306619307,150,80,279,167,192,359,359,3.10863509749304,2.13927576601671,10,3.53565864675177,38.4803489419538,269,60,329,3.27051671732523,217,169,382,4,386,386,1.75129533678756,0.0414507772020725
PATAZ,74.7619047619048,1,0.828571428571429,0.971428571428571,1,0.728571428571429,24,2,8,8,2,10,10,3.2,0.8,10,3.45454545454545,0,9,2,11,3.27272727272727,59,7,65,1,66,66,0.424242424242424,0.0606060606060606
PAUCAR DEL SARA SARA,85,0.5,0.5,0.85,0.65,0.55,10,0,10,1,9,10,10,4,3.6,10,3.375,0,5,3,8,2.5,28,1,28,1,29,29,0.137931034482759,0.137931034482759
PAUCARTAMBO,83.3333333333333,1,0.875,0.916666666666667,0.958333333333333,0.833333333333333,23,,,,,,,,,,,,,,,,40,3,36,7,43,43,0.27906976744186,0.651162790697675
PICOTA,75.6944444444445,0.791666666666667,0.854166666666667,0.9375,0.854166666666667,0.9375,29,1,18,9,10,19,19,3.78947368421053,2.10526315789474,10,3.52083333333333,0,15,8,23,2.60869565217391,40,15,54,1,55,55,1.09090909090909,0.0727272727272727
PISCO,90.1190476190476,0.910714285714286,0.886904761904762,0.995238095238095,0.954761904761905,0.872619047619048,63,46,49,68,27,95,95,2.06315789473684,1.13684210526316,10,4.03927560837578,23.1182795698925,55,56,111,1.98198198198198,174,34,207,1,208,208,0.653846153846154,0.0192307692307692
PIURA,81.5254383835202,0.748874553523582,0.795218687594463,0.961591186178206,0.920827487855185,0.901850574486374,272,132,251,256,127,383,383,2.62140992167102,1.32637075718016,10,3.99866774963674,21.3373107752953,337,62,399,3.37844611528822,468,100,553,15,568,568,0.704225352112676,0.105633802816901
POMABAMBA,88.8888888888889,0.833333333333333,0.722222222222222,0.777777777777778,0.944444444444444,1,15,0,32,7,25,32,32,4,3.125,10,3.94298245614035,0,16,15,31,2.06451612903226,36,1,32,5,37,37,0.108108108108108,0.540540540540541
PUERTO INCA,78.125,0.71875,0.9375,0.84375,0.96875,0.875,19,1,14,9,6,15,15,3.73333333333333,1.6,10,4.26666666666667,0,11,4,15,2.93333333333333,29,0,28,1,29,29,0,0.137931034482759
PUNO,80.9895833333333,0.99609375,0.82421875,0.783854166666667,0.770833333333333,0.934895833333333,44,66,106,122,50,172,172,2.46511627906977,1.16279069767442,10,3.56242083040113,26.8707482993197,59,78,137,1.72262773722628,154,40,191,3,194,194,0.824742268041237,0.0618556701030928
PUTUMAYO,75,0.5,0.5,1,0.75,1,4,,,,,,,,,,,,,,,,0,4,4,0,4,4,4,0
QUISPICANCHI,53.6394557823129,0.755952380952381,0.917857142857143,0.961734693877551,0.953571428571429,0.710714285714286,29,4,56,20,40,60,60,3.73333333333333,2.66666666666667,10,3.58630952380952,0,26,23,49,2.12244897959184,86,1,81,6,87,87,0.0459770114942529,0.275862068965517
RECUAY,100,1,1,1,1,1,4,0,16,2,14,16,16,4,3.5,10,3,0,7,2,9,3.11111111111111,18,0,17,1,18,18,0,0.222222222222222
REQUENA,37.8181003584229,0.840636200716846,0.846057347670251,0.856093189964158,0.86581541218638,0.939247311827957,65,1,34,7,28,35,35,3.88571428571429,3.2,10,4.5443722943723,0,77,9,86,3.58139534883721,21,1,22,0,22,22,0.181818181818182,0
RIOJA,71.8415356573251,0.762759170653908,0.756151742993848,0.911967418546366,0.93577694235589,0.828320802005013,71,14,117,42,89,131,131,3.57251908396947,2.7175572519084,10,3.79750225309939,16.6666666666667,105,35,140,3,155,19,167,7,174,174,0.436781609195402,0.160919540229885
RODRIGUEZ DE MENDOZA,76.7361111111111,0.88125,0.843055555555556,0.965277777777778,0.769444444444444,0.902083333333333,40,1,42,20,23,43,43,3.90697674418605,2.13953488372093,10,3.73809523809524,30.952380952381,18,9,27,2.66666666666667,98,5,103,0,103,103,0.194174757281553,0
SAN ANTONIO DE PUTINA,75,0.833333333333333,0.666666666666667,0.791666666666667,0.916666666666667,0.791666666666667,14,1,51,35,17,52,52,3.92307692307692,1.30769230769231,10,3.49358974358974,0,13,25,38,1.36842105263158,12,2,11,3,14,14,0.571428571428571,0.857142857142857
SAN IGNACIO,87.8095238095238,0.653333333333333,0.777142857142857,0.942857142857143,0.971428571428571,0.971428571428571,37,11,47,40,18,58,58,3.24137931034483,1.24137931034483,10,3.80180133591898,7.61904761904762,56,18,74,3.02702702702703,77,13,89,1,90,90,0.577777777777778,0.0444444444444444
SAN MARCOS,91,0.87,0.83,0.92,0.98,1,19,1,7,5,3,8,8,3.5,1.5,10,3.5,0,6,0,6,4,59,6,63,2,65,65,0.369230769230769,0.123076923076923
SAN MARTIN,64.8553743961353,0.88036231884058,0.833919082125604,0.982185990338164,0.951560990338164,0.93074577294686,112,75,83,120,38,158,158,2.10126582278481,0.962025316455696,10,3.90387695995206,62.280701754386,118,39,157,3.00636942675159,313,20,330,3,333,333,0.24024024024024,0.036036036036036
SAN MIGUEL,76.1904761904762,0.761904761904762,0.714285714285714,0.785714285714286,1,0.904761904761905,15,7,33,12,28,40,40,3.3,2.8,10,3.6962962962963,0,42,9,51,3.29411764705882,52,4,48,8,56,56,0.285714285714286,0.571428571428571
SAN PABLO,93.75,1,0.9375,1,1,1,11,1,9,9,1,10,10,3.6,0.4,10,3.33333333333333,0,3,0,3,4,37,1,34,4,38,38,0.105263157894737,0.421052631578947
SAN ROMAN,95.7671957671958,0.57010582010582,0.541005291005291,0.915343915343915,0.933862433862434,0.891534391534391,48,56,244,200,100,300,300,3.25333333333333,1.33333333333333,10,3.48209168273893,21.756398940865,108,158,266,1.62406015037594,94,13,107,0,107,107,0.485981308411215,0
SANCHEZ CARRION,64.2857142857143,0.760714285714286,0.696428571428571,0.746428571428571,0.707142857142857,0.503571428571429,46,1,57,8,50,58,58,3.93103448275862,3.44827586206897,10,3.63472222222222,0,15,26,41,1.46341463414634,58,45,102,1,103,103,1.74757281553398,0.0388349514563107
SANDIA,93.3333333333333,0.843333333333333,0.626666666666667,0.833333333333333,1,0.9,19,0,15,14,1,15,15,4,0.266666666666667,10,3.91666666666667,0,3,21,24,0.5,31,1,31,1,32,32,0.125,0.125
SANTA,51.0673952641166,0.928051001821494,0.835458409228901,0.994535519125683,0.988670309653916,0.953855494839101,129,219,220,346,93,439,439,2.00455580865604,0.847380410022779,10,3.7051210268447,31.842239164868,362,92,454,3.18942731277533,424,11,434,1,435,435,0.101149425287356,0.00919540229885057
SANTA CRUZ,65.625,0.625,0.90625,0.9375,0.9375,0.96875,14,1,9,5,5,10,10,3.6,2,10,3.625,0,4,4,8,2,29,13,34,8,42,42,1.23809523809524,0.761904761904762
SANTIAGO DE CHUCO,86.9047619047619,1,0.976190476190476,0.916666666666667,1,1,22,3,49,19,33,52,52,3.76923076923077,2.53846153846154,10,3.5,0,17,18,35,1.94285714285714,34,8,39,3,42,42,0.761904761904762,0.285714285714286
SATIPO,69.4795701374649,0.735057340320498,0.671736158578264,0.910154173312068,0.760300372142477,0.810700994911521,101,6,62,18,50,68,68,3.64705882352941,2.94117647058824,10,3.69852509642615,0,55,24,79,2.78481012658228,178,4,136,46,182,182,0.0879120879120879,1.01098901098901
SECHURA,88.2936507936508,0.882142857142857,0.914285714285714,0.992857142857143,0.985714285714286,0.960714285714286,56,7,53,39,21,60,60,3.53333333333333,1.4,10,3.74245647969052,6.91489361702128,67,8,75,3.57333333333333,24,46,67,3,70,70,2.62857142857143,0.171428571428571
SIHUAS,90,1,1,0.6375,1,0.95,13,0,16,4,12,16,16,4,3,10,3.9,0,19,1,20,3.8,34,2,36,0,36,36,0.222222222222222,0
SUCRE,66.6666666666667,0.666666666666667,0.833333333333333,0.666666666666667,0.666666666666667,0.5,6,,,,,,,,,,,,,,,,30,0,30,0,30,30,0,0
SULLANA,93.0964109781844,0.810403471733521,0.918390804597701,0.949507389162562,0.94201266713582,0.85137227304715,74,35,115,104,46,150,150,3.06666666666667,1.22666666666667,10,3.9109530285002,48.4905660377359,136,39,175,3.10857142857143,116,131,244,3,247,247,2.12145748987854,0.048582995951417
TACNA,83.4206288159223,0.870486515071391,0.748676305626332,0.834933657035719,0.771000032049741,0.756210959409003,288,394,329,588,135,723,723,1.82019363762102,0.746887966804979,10,3.67992227897897,15.4666060505869,398,180,578,2.75432525951557,1036,58,1074,20,1094,1094,0.212065813528336,0.0731261425959781
TAHUAMANU,74.8114630467572,0.739064856711916,0.75867269984917,0.895927601809955,0.895927601809955,0.831070889894419,31,13,55,42,26,68,68,3.23529411764706,1.52941176470588,10,3.68037060978237,6.66666666666667,58,7,65,3.56923076923077,53,3,55,1,56,56,0.214285714285714,0.0714285714285714
TALARA,73.3796296296296,0.972222222222222,0.837962962962963,0.990740740740741,1,0.953703703703704,51,21,40,46,15,61,61,2.62295081967213,0.983606557377049,10,4.11633281972265,78.8135593220339,57,24,81,2.81481481481482,15,111,123,3,126,126,3.52380952380952,0.0952380952380952
TAMBOPATA,83.2899421450823,0.755220850022252,0.65679795282599,0.728807854917668,0.90223075211393,0.845652536715621,157,153,346,341,158,499,499,2.77354709418838,1.26653306613226,10,3.7270689033189,17.8888888888889,416,170,586,2.83959044368601,362,13,369,6,375,375,0.138666666666667,0.064
TARATA,100,1,0.666666666666667,0.666666666666667,1,0.333333333333333,5,2,41,18,25,43,43,3.81395348837209,2.32558139534884,10,3.36666666666667,0,22,5,27,3.25925925925926,35,1,34,2,36,36,0.111111111111111,0.222222222222222
TARMA,69.7222222222222,0.983333333333333,0.936111111111111,0.958333333333333,0.983333333333333,0.95,39,11,33,25,19,44,44,3,1.72727272727273,10,3.59722222222222,6.94444444444444,23,11,34,2.70588235294118,117,9,125,1,126,126,0.285714285714286,0.0317460317460317
TAYACAJA,87.9166666666667,0.796924603174603,0.843849206349206,0.79593253968254,0.787003968253968,0.814880952380952,94,12,165,85,92,177,177,3.72881355932203,2.07909604519774,10,3.76399668066335,7.20720720720721,145,39,184,3.15217391304348,191,24,210,5,215,215,0.446511627906977,0.0930232558139535
TOCACHE,73.202614379085,0.929738562091503,0.888888888888889,0.751143790849673,0.985294117647059,0.985294117647059,39,10,30,27,13,40,40,3,1.3,10,4.14861111111111,25,41,8,49,3.3469387755102,74,7,80,1,81,81,0.345679012345679,0.0493827160493827
TRUJILLO,77.2660875209634,0.915822279134927,0.814229881022139,0.928941752035724,0.8930987873216,0.867139585143427,227,261,198,355,104,459,459,1.72549019607843,0.906318082788671,10,3.92465843327492,41.254215542522,202,174,376,2.14893617021277,632,83,712,3,715,715,0.464335664335664,0.0167832167832168
TUMBES,77.5467492539285,0.984690032033164,0.967771158556913,0.971635994388962,0.990437158469945,0.966122392775869,189,127,305,262,170,432,432,2.82407407407407,1.57407407407407,10,3.84542834856579,26.6157151897803,380,77,457,3.32603938730853,334,154,489,2,488,491,1.26229508196721,0.0162932790224033
UCAYALI,63.3788174139051,0.829945233454005,0.793130975587116,0.919010489185928,0.930381509328878,0.850181008075745,72,4,38,24,18,42,42,3.61904761904762,1.71428571428571,10,4.75103519668737,0,60,23,83,2.89156626506024,21,21,29,13,42,42,2,1.23809523809524
URUBAMBA,61.0119047619048,0.833333333333333,0.726190476190476,0.916666666666667,0.944444444444444,0.908730158730159,29,11,31,18,24,42,42,2.95238095238095,2.28571428571429,10,3.93918918918919,33.3333333333333,32,11,43,2.97674418604651,47,8,54,1,55,55,0.581818181818182,0.0727272727272727
UTCUBAMBA,70.5187766163376,0.781736353077817,0.749283778552071,0.914634146341463,0.924022454510259,0.894308943089431,92,30,212,118,124,242,242,3.50413223140496,2.0495867768595,10,3.4274217954096,26.8918918918919,164,58,222,2.95495495495496,160,114,262,12,274,274,1.66423357664234,0.175182481751825
VICTOR FAJARDO,62.7976190476191,0.803571428571429,0.755952380952381,0.845238095238095,1,0.657738095238095,17,0,24,9,15,24,24,4,2.5,10,3.5,0,13,3,16,3.25,65,0,64,1,65,65,0,0.0615384615384615
VILCAS HUAMAN,57.5,0.95,1,1,1,1,13,0,16,7,9,16,16,4,2.25,10,3.25,0,10,2,12,3.33333333333333,49,6,54,1,55,55,0.436363636363636,0.0727272727272727
VIRU,59.9358974358975,0.798076923076923,0.762820512820513,0.919871794871795,0.958333333333333,0.881410256410256,25,10,24,16,18,34,34,2.82352941176471,2.11764705882353,10,3.54166666666667,0,4,26,30,0.533333333333333,34,16,50,0,50,50,1.28,0
YAROWILCA,62.5,0.875,0.75,0.854166666666667,0.875,0.708333333333333,23,0,16,1,15,16,16,4,3.75,10,3.6,0,0,20,20,0,47,1,45,3,48,48,0.0833333333333333,0.25
YAULI,66.6666666666667,0.866666666666667,0.766666666666667,0.933333333333333,0.966666666666667,0.933333333333333,15,20,28,19,29,48,48,2.33333333333333,2.41666666666667,10,4.34324447482342,10.5263157894737,47,1,48,3.91666666666667,31,6,37,0,37,37,0.648648648648649,0
YAUYOS,95.2380952380952,0.920634920634921,0.642857142857143,0.698412698412698,0.944444444444444,0.583333333333333,23,1,13,0,14,14,14,3.71428571428571,4,10,4.875,0,3,5,8,1.5,59,5,64,0,64,64,0.3125,0
YUNGAY,73.5119047619048,0.866071428571429,0.901785714285714,1,0.964285714285714,1,17,4,30,17,17,34,34,3.52941176470588,2,10,4.35845588235294,0,25,8,33,3.03030303030303,65,3,67,1,68,68,0.176470588235294,0.0588235294117647
YUNGUYO,90,1,0.8,1,0.8,0.9,6,2,23,12,13,25,25,3.68,2.08,10,3.77272727272727,40.9090909090909,4,18,22,0.727272727272727,38,1,38,1,39,39,0.102564102564103,0.102564102564103
ZARUMILLA,87.9464285714286,0.686755952380952,0.785962301587302,1,0.988095238095238,0.964285714285714,52,26,127,85,68,153,153,3.3202614379085,1.77777777777778,10,3.64323455233291,5.66204287515763,140,21,161,3.47826086956522,85,51,136,0,136,136,1.5,0
